name,year,type,OBP,ISO,wOBA,HardHit_pct,Barrel_pct,WAR,FIP,xFIP,SIERA,WHIP,K_BB_pct,ERA_minus
Bobby Witt Jr.,2024,Hitter,0.389,0.25599999999999995,0.42329529243937236,40.0,8.0,4.232952924393723,,,,,,
Vladimir Guerrero Jr.,2024,Hitter,0.396,0.22100000000000003,0.41001443001443,40.0,8.0,4.1001443001443,,,,,,
Aaron Judge,2024,Hitter,0.458,0.37899999999999995,0.489358059914408,40.0,8.0,4.89358059914408,,,,,,
Luis Arraez,2024,Hitter,0.346,0.07800000000000001,0.32811659192825116,40.0,8.0,3.2811659192825116,,,,,,
Shohei Ohtani,2024,Hitter,0.39,0.336,0.443195020746888,40.0,8.0,4.43195020746888,,,,,,
Yordan Alvarez,2024,Hitter,0.392,0.25899999999999995,0.4165451664025357,40.0,8.0,4.1654516640253565,,,,,,
Marcell Ozuna,2024,Hitter,0.378,0.24400000000000005,0.40272327964860916,40.0,8.0,4.027232796486092,,,,,,
Yainer Diaz,2024,Hitter,0.325,0.14200000000000002,0.33767594108019644,40.0,8.0,3.3767594108019643,,,,,,
Trea Turner,2024,Hitter,0.338,0.174,0.35403345724907065,40.0,8.0,3.5403345724907065,,,,,,
Jose Altuve,2024,Hitter,0.35,0.14400000000000002,0.34912023460410563,40.0,8.0,3.491202346041056,,,,,,
Brent Rooker,2024,Hitter,0.365,0.2690000000000001,0.4020327868852459,40.0,8.0,4.020327868852459,,,,,,
Jackson Merrill,2024,Hitter,0.326,0.20800000000000002,0.359777397260274,40.0,8.0,3.5977739726027402,,,,,,
Steven Kwan,2024,Hitter,0.368,0.133,0.3531226765799257,40.0,8.0,3.531226765799257,,,,,,
Ketel Marte,2024,Hitter,0.372,0.26800000000000007,0.40599303135888504,40.0,8.0,4.0599303135888505,,,,,,
Mookie Betts,2024,Hitter,0.372,0.202,0.37943359374999996,40.0,8.0,3.7943359374999996,,,,,,
Juan Soto,2024,Hitter,0.419,0.28099999999999997,0.428688293370945,40.0,8.0,4.28688293370945,,,,,,
Bryce Harper,2024,Hitter,0.373,0.24000000000000005,0.3915127388535032,40.0,8.0,3.9151273885350317,,,,,,
Jarren Duran,2024,Hitter,0.342,0.20700000000000002,0.36311901504787963,40.0,8.0,3.6311901504787962,,,,,,
Seiya Suzuki,2024,Hitter,0.366,0.199,0.37330464716006884,40.0,8.0,3.733046471600688,,,,,,
Freddie Freeman,2024,Hitter,0.378,0.194,0.3786825396825397,40.0,8.0,3.786825396825397,,,,,,
Luis García Jr.,2024,Hitter,0.318,0.16200000000000003,0.3342125237191651,40.0,8.0,3.342125237191651,,,,,,
Gunnar Henderson,2024,Hitter,0.364,0.248,0.38888111888111887,40.0,8.0,3.8888111888111885,,,,,,
William Contreras,2024,Hitter,0.365,0.185,0.3668047337278107,40.0,8.0,3.668047337278107,,,,,,
Yandy Díaz,2024,Hitter,0.341,0.13299999999999995,0.3362236628849271,40.0,8.0,3.362236628849271,,,,,,
Jurickson Profar,2024,Hitter,0.38,0.179,0.37398176291793317,40.0,8.0,3.7398176291793317,,,,,,
Alec Bohm,2024,Hitter,0.332,0.16799999999999998,0.3436666666666667,40.0,8.0,3.4366666666666665,,,,,,
José Ramírez,2024,Hitter,0.335,0.258,0.3784,40.0,8.0,3.7840000000000003,,,,,,
Lourdes Gurriel Jr.,2024,Hitter,0.322,0.15599999999999997,0.33430656934306574,40.0,8.0,3.3430656934306575,,,,,,
Corey Seager,2024,Hitter,0.353,0.23399999999999999,0.37757062146892656,40.0,8.0,3.7757062146892655,,,,,,
Brendan Donovan,2024,Hitter,0.342,0.13899999999999996,0.3383462132921175,40.0,8.0,3.383462132921175,,,,,,
Bryan Reynolds,2024,Hitter,0.344,0.172,0.34973875181422354,40.0,8.0,3.4973875181422356,,,,,,
Manny Machado,2024,Hitter,0.325,0.19699999999999995,0.34949921752738655,40.0,8.0,3.4949921752738655,,,,,,
Jackson Chourio,2024,Hitter,0.327,0.189,0.34643859649122805,40.0,8.0,3.4643859649122803,,,,,,
Francisco Lindor,2024,Hitter,0.344,0.22699999999999998,0.3690524781341108,40.0,8.0,3.690524781341108,,,,,,
Julio Rodríguez,2024,Hitter,0.325,0.13599999999999995,0.32594108019639934,40.0,8.0,3.2594108019639934,,,,,,
Nico Hoerner,2024,Hitter,0.335,0.09999999999999998,0.3181974921630094,40.0,8.0,3.1819749216300943,,,,,,
Rafael Devers,2024,Hitter,0.354,0.244,0.3800168067226891,40.0,8.0,3.800168067226891,,,,,,
Teoscar Hernández,2024,Hitter,0.339,0.22899999999999998,0.36658461538461545,40.0,8.0,3.6658461538461546,,,,,,
Nolan Arenado,2024,Hitter,0.325,0.122,0.3218341307814992,40.0,8.0,3.218341307814992,,,,,,
Salvador Perez,2024,Hitter,0.33,0.185,0.34727131782945736,40.0,8.0,3.4727131782945735,,,,,,
Ryan Mountcastle,2024,Hitter,0.308,0.15399999999999997,0.3230738522954092,40.0,8.0,3.230738522954092,,,,,,
Heliot Ramos,2024,Hitter,0.322,0.19999999999999996,0.34715953307392994,40.0,8.0,3.4715953307392993,,,,,,
Alec Burleson,2024,Hitter,0.314,0.15099999999999997,0.32571672354948805,40.0,8.0,3.2571672354948804,,,,,,
Ezequiel Tovar,2024,Hitter,0.295,0.19999999999999996,0.3326539589442815,40.0,8.0,3.326539589442815,,,,,,
Brendan Rodgers,2024,Hitter,0.314,0.13999999999999996,0.31904850746268654,40.0,8.0,3.1904850746268654,,,,,,
Masyn Winn,2024,Hitter,0.314,0.14899999999999997,0.3222575516693164,40.0,8.0,3.222575516693164,,,,,,
Jeremy Peña,2024,Hitter,0.308,0.128,0.3119812792511701,40.0,8.0,3.1198127925117007,,,,,,
Cody Bellinger,2024,Hitter,0.325,0.15999999999999998,0.33306737588652485,40.0,8.0,3.3306737588652484,,,,,,
Nathaniel Lowe,2024,Hitter,0.361,0.136,0.34376114081996434,40.0,8.0,3.4376114081996434,,,,,,
Vinnie Pasquantino,2024,Hitter,0.315,0.184,0.3370925925925926,40.0,8.0,3.370925925925926,,,,,,
Chris Sale,2024,Pitcher,,,,,,,2.06647855530474,1.9424898419864556,1.992945823927765,1.01,0.26495726495726496,56.666666666666664
Tarik Skubal,2024,Pitcher,,,,,,,2.478125,2.3294374999999996,2.0390625,0.92,0.25630810092961487,56.904761904761905
Zack Wheeler,2024,Pitcher,,,,,,,3.11,2.9233999999999996,2.24,0.96,0.21855146124523506,61.19047619047618
Ronel Blanco,2024,Pitcher,,,,,,,4.131448234590065,3.883561340514661,2.618641532016756,1.09,0.14497041420118342,66.66666666666666
Shota Imanaga,2024,Pitcher,,,,,,,3.7045927209705374,3.482317157712305,2.2361351819757367,1.02,0.21037463976945245,69.28571428571428
Framber Valdez,2024,Pitcher,,,,,,,3.2295002839295854,3.03573026689381,2.5188813174332765,1.11,0.16216216216216217,69.28571428571428
Corbin Burnes,2024,Pitcher,,,,,,,3.531246780010304,3.3193719732096856,2.4553065430190624,1.1,0.16964285714285715,69.52380952380952
Bryce Miller,2024,Pitcher,,,,,,,3.566435313714603,3.3524491948917268,2.4379511382565244,0.98,0.17897727272727273,70.0
Michael King,2024,Pitcher,,,,,,,3.31743648960739,3.1183903002309465,2.3449769053117784,1.19,0.19008264462809918,70.23809523809524
Seth Lugo,2024,Pitcher,,,,,,,3.2324442289039768,3.038497575169738,2.5019398642095054,1.09,0.1590909090909091,71.42857142857143
Tanner Houck,2024,Pitcher,,,,,,,3.3015151515151513,3.103424242424242,2.573793490460157,1.14,0.1426648721399731,74.28571428571429
Cole Ragans,2024,Pitcher,,,,,,,2.978049435787211,2.7993664696399785,2.29218162278345,1.14,0.2047244094488189,74.76190476190476
Jack Flaherty,2024,Pitcher,,,,,,,3.458641975308642,3.2511234567901233,2.1049382716049383,1.07,0.24036979969183359,75.47619047619048
Logan Gilbert,2024,Pitcher,,,,,,,3.250864553314121,3.055812680115274,2.1957252641690683,0.89,0.22789539227895392,76.9047619047619
Max Fried,2024,Pitcher,,,,,,,3.3165709362435383,3.1175766800689257,2.549253302699598,1.16,0.15266106442577032,77.38095238095238
Jameson Taillon,2024,Pitcher,,,,,,,3.907116898849182,3.672689884918231,2.603422168382798,1.13,0.1362962962962963,77.85714285714286
Erick Fedde,2024,Pitcher,,,,,,,3.844522868435912,3.613851496329757,2.6034726143421794,1.16,0.14049586776859505,78.57142857142856
Cristopher Sánchez,2024,Pitcher,,,,,,,2.9789183222958058,2.8001832229580574,2.5587748344370858,1.24,0.14456233421750664,79.04761904761905
Michael Wacha,2024,Pitcher,,,,,,,3.6373646209386283,3.4191227436823106,2.5655836341756917,1.19,0.145985401459854,79.76190476190476
Sean Manaea,2024,Pitcher,,,,,,,3.8177704194260484,3.5887041942604854,2.502207505518764,1.08,0.16395663956639567,82.61904761904762
Dylan Cease,2024,Pitcher,,,,,,,3.081253305129561,2.8963781068217873,2.284902168164992,1.07,0.20866141732283464,82.61904761904762
Tanner Bibee,2024,Pitcher,,,,,,,3.542609699769053,3.3300531177829096,2.2814665127020786,1.12,0.20140845070422536,82.61904761904762
Logan Webb,2024,Pitcher,,,,,,,2.929627815866797,2.753850146914789,2.5643976493633693,1.23,0.1450653983353151,82.61904761904762
Hunter Brown,2024,Pitcher,,,,,,,3.567647058823529,3.3535882352941173,2.4632352941176467,1.27,0.16713483146067415,83.0952380952381
George Kirby,2024,Pitcher,,,,,,,3.244240837696335,3.049586387434555,2.2591623036649215,1.07,0.20051413881748073,84.04761904761904
Aaron Nola,2024,Pitcher,,,,,,,3.92850326469111,3.6927930688096433,2.389879457559015,1.2,0.17926829268292682,85.0
Zach Eflin,2024,Pitcher,,,,,,,3.7496365838885524,3.524658388855239,2.45351302241066,1.15,0.1608187134502924,85.47619047619047
José Berríos,2024,Pitcher,,,,,,,4.7012753774076,4.419198854763144,2.6760801665799065,1.15,0.12595419847328243,85.71428571428571
Luis Castillo,2024,Pitcher,,,,,,,3.898143917761279,3.6642552826956023,2.4033409480296974,1.17,0.1780250347705146,86.66666666666667
Freddy Peralta,2024,Pitcher,,,,,,,4.143071593533487,3.894487297921478,2.3954965357967666,1.21,0.1820689655172414,87.61904761904762
Brady Singer,2024,Pitcher,,,,,,,3.920089285714286,3.6848839285714288,2.516183035714286,1.27,0.15223097112860892,88.33333333333333
Jose Quintana,2024,Pitcher,,,,,,,4.54917695473251,4.276226337448559,2.8134920634920633,1.25,0.100418410041841,89.28571428571428
Nestor Cortes,2024,Pitcher,,,,,,,3.822027570361861,3.592705916140149,2.422889144170017,1.15,0.1732394366197183,89.76190476190476
Nathan Eovaldi,2024,Pitcher,,,,,,,3.8198002350176266,3.5906122209165687,2.400998824911868,1.11,0.1781609195402299,90.47619047619047
Tyler Anderson,2024,Pitcher,,,,,,,4.646370742601898,4.367588498045784,2.870323841429369,1.29,0.09019607843137255,90.71428571428571
Kevin Gausman,2024,Pitcher,,,,,,,3.757734806629834,3.532270718232044,2.595303867403315,1.22,0.1402116402116402,91.19047619047619
Sonny Gray,2024,Pitcher,,,,,,,3.1078567128236,2.921385310054184,2.0745033112582782,1.09,0.2444113263785395,91.42857142857143
MacKenzie Gore,2024,Pitcher,,,,,,,3.5172486453943406,3.30621372667068,2.4748645394340762,1.42,0.15868673050615595,92.85714285714285
Luis Severino,2024,Pitcher,,,,,,,4.193956043956044,3.9423186813186812,2.6387362637362637,1.24,0.13272010512483573,93.0952380952381
Carlos Rodón,2024,Pitcher,,,,,,,4.372857142857143,4.110485714285714,2.3457142857142856,1.22,0.1875,94.28571428571428
Bailey Ober,2024,Pitcher,,,,,,,3.8009539842873177,3.5728967452300786,2.272166105499439,1.0,0.20874471086036672,94.76190476190476
Yusei Kikuchi,2024,Pitcher,,,,,,,3.441095890410959,3.234630136986301,2.1569634703196345,1.2,0.22010869565217392,96.42857142857142
Pablo López,2024,Pitcher,,,,,,,3.630821177741761,3.4129719070772553,2.2451377633711505,1.19,0.2033678756476684,97.14285714285714
Chris Bassitt,2024,Pitcher,,,,,,,4.062280701754386,3.818543859649122,2.6359649122807016,1.46,0.12928759894459102,99.04761904761905
Charlie Morton,2024,Pitcher,,,,,,,4.4461841308298,4.179413082980012,2.5761659600242277,1.32,0.14550641940085593,99.76190476190476
Kyle Gibson,2024,Pitcher,,,,,,,4.408865248226951,4.144333333333333,2.737293144208038,1.35,0.1149584487534626,100.95238095238095
Mitch Keller,2024,Pitcher,,,,,,,4.060112359550562,3.816505617977528,2.50561797752809,1.3,0.1500646830530401,101.19047619047619
Colin Rea,2024,Pitcher,,,,,,,4.740909090909091,4.4564545454545454,2.626495215311005,1.26,0.12885154061624648,102.14285714285714
Kutter Crawford,2024,Pitcher,,,,,,,4.63471615720524,4.356633187772926,2.473526200873362,1.12,0.16337285902503293,103.80952380952382
JP Sears,2024,Pitcher,,,,,,,4.698279689234184,4.416382907880132,2.7075471698113205,1.22,0.11609498680738786,104.28571428571428
Aaron Judge,2025,Hitter,0.457,0.35699999999999993,0.4864583333333333,40.0,8.0,4.864583333333333,,,,,,
Bo Bichette,2025,Hitter,0.357,0.172,0.368128,40.0,8.0,3.68128,,,,,,
Jacob Wilson,2025,Hitter,0.355,0.133,0.35321153846153847,40.0,8.0,3.5321153846153845,,,,,,
George Springer,2025,Hitter,0.399,0.25100000000000006,0.41763478260869563,40.0,8.0,4.176347826086956,,,,,,
Jeremy Peña,2025,Hitter,0.363,0.173,0.3698518518518519,40.0,8.0,3.6985185185185188,,,,,,
Trea Turner,2025,Hitter,0.355,0.15300000000000002,0.357331240188383,40.0,8.0,3.5733124018838303,,,,,,
Yandy Díaz,2025,Hitter,0.366,0.182,0.37368421052631573,40.0,8.0,3.7368421052631575,,,,,,
Nico Hoerner,2025,Hitter,0.345,0.09700000000000003,0.3298914728682171,40.0,8.0,3.2989147286821705,,,,,,
Bobby Witt Jr.,2025,Hitter,0.351,0.20600000000000002,0.37264705882352944,40.0,8.0,3.726470588235294,,,,,,
Freddie Freeman,2025,Hitter,0.367,0.20700000000000002,0.38102893890675243,40.0,8.0,3.8102893890675245,,,,,,
Josh Naylor,2025,Hitter,0.353,0.16700000000000004,0.36025210084033615,40.0,8.0,3.6025210084033614,,,,,,
Vladimir Guerrero Jr.,2025,Hitter,0.381,0.17500000000000004,0.37579881656804737,40.0,8.0,3.757988165680474,,,,,,
Luis Arraez,2025,Hitter,0.327,0.10000000000000003,0.3201067073170732,40.0,8.0,3.201067073170732,,,,,,
Geraldo Perdomo,2025,Hitter,0.389,0.17200000000000004,0.3800570613409415,40.0,8.0,3.8005706134094153,,,,,,
Alec Burleson,2025,Hitter,0.343,0.16900000000000004,0.35315398886827465,40.0,8.0,3.5315398886827465,,,,,,
Sal Frelick,2025,Hitter,0.351,0.11700000000000005,0.3385910652920962,40.0,8.0,3.385910652920962,,,,,,
Brice Turang,2025,Hitter,0.359,0.14700000000000002,0.35334355828220865,40.0,8.0,3.5334355828220865,,,,,,
Brendan Donovan,2025,Hitter,0.353,0.135,0.34530451866404716,40.0,8.0,3.4530451866404714,,,,,,
Alec Bohm,2025,Hitter,0.331,0.122,0.3299598393574298,40.0,8.0,3.299598393574298,,,,,,
Maikel Garcia,2025,Hitter,0.351,0.16300000000000003,0.35354103343465043,40.0,8.0,3.5354103343465044,,,,,,
Xavier Edwards,2025,Hitter,0.343,0.07,0.3138009787928222,40.0,8.0,3.138009787928222,,,,,,
Ketel Marte,2025,Hitter,0.376,0.23400000000000004,0.3909584086799277,40.0,8.0,3.909584086799277,,,,,,
José Ramírez,2025,Hitter,0.36,0.22000000000000003,0.3781559220389805,40.0,8.0,3.781559220389805,,,,,,
Alejandro Kirk,2025,Hitter,0.348,0.139,0.34372,40.0,8.0,3.4372000000000003,,,,,,
Shohei Ohtani,2025,Hitter,0.392,0.34,0.4330152143845091,40.0,8.0,4.3301521438450905,,,,,,
Ryan O'Hearn,2025,Hitter,0.366,0.15599999999999997,0.3582037037037037,40.0,8.0,3.582037037037037,,,,,,
Hunter Goodman,2025,Hitter,0.323,0.242,0.3655979202772963,40.0,8.0,3.655979202772963,,,,,,
Ernie Clement,2025,Hitter,0.313,0.121,0.3151909722222223,40.0,8.0,3.151909722222223,,,,,,
Shea Langeliers,2025,Hitter,0.325,0.259,0.3737451737451738,40.0,8.0,3.737451737451738,,,,,,
Tyler Soderstrom,2025,Hitter,0.346,0.19799999999999995,0.36032154340836015,40.0,8.0,3.6032154340836016,,,,,,
Carlos Correa,2025,Hitter,0.332,0.126,0.3263121783876501,40.0,8.0,3.263121783876501,,,,,,
Manny Machado,2025,Hitter,0.335,0.185,0.35026745913818724,40.0,8.0,3.502674591381872,,,,,,
Paul Goldschmidt,2025,Hitter,0.328,0.129,0.32436672967863894,40.0,8.0,3.2436672967863895,,,,,,
Gunnar Henderson,2025,Hitter,0.349,0.16399999999999998,0.34919504643962845,40.0,8.0,3.4919504643962846,,,,,,
Pete Alonso,2025,Hitter,0.347,0.252,0.38068571428571424,40.0,8.0,3.8068571428571425,,,,,,
Matt Olson,2025,Hitter,0.366,0.21199999999999997,0.3742698191933241,40.0,8.0,3.7426981919332407,,,,,,
Cody Bellinger,2025,Hitter,0.334,0.20799999999999996,0.3576661514683153,40.0,8.0,3.576661514683153,,,,,,
Steven Kwan,2025,Hitter,0.33,0.10199999999999998,0.31693997071742314,40.0,8.0,3.1693997071742315,,,,,,
Andy Pages,2025,Hitter,0.313,0.189,0.33988673139158576,40.0,8.0,3.398867313915858,,,,,,
Jackson Chourio,2025,Hitter,0.308,0.193,0.33713058419243985,40.0,8.0,3.3713058419243986,,,,,,
Gavin Lux,2025,Hitter,0.35,0.10499999999999998,0.32587649402390445,40.0,8.0,3.2587649402390446,,,,,,
Fernando Tatis Jr.,2025,Hitter,0.368,0.178,0.3616981132075472,40.0,8.0,3.616981132075472,,,,,,
Francisco Lindor,2025,Hitter,0.346,0.199,0.35897931034482755,40.0,8.0,3.5897931034482755,,,,,,
Julio Rodríguez,2025,Hitter,0.324,0.20699999999999996,0.3492655367231639,40.0,8.0,3.492655367231639,,,,,,
Jung Hoo Lee,2025,Hitter,0.327,0.14099999999999996,0.32557911908646003,40.0,8.0,3.2557911908646004,,,,,,
Kyle Tucker,2025,Hitter,0.377,0.198,0.3727918781725888,40.0,8.0,3.727918781725888,,,,,,
Jorge Polanco,2025,Hitter,0.326,0.22999999999999998,0.35901162790697677,40.0,8.0,3.590116279069768,,,,,,
Jose Altuve,2025,Hitter,0.329,0.177,0.3415455950540958,40.0,8.0,3.415455950540958,,,,,,
J.P. Crawford,2025,Hitter,0.352,0.10499999999999998,0.3265069551777434,40.0,8.0,3.265069551777434,,,,,,
Lenyn Sosa,2025,Hitter,0.293,0.16999999999999998,0.3188518518518519,40.0,8.0,3.188518518518519,,,,,,
Paul Skenes,2025,Pitcher,,,,,,,2.3754273504273504,2.2329017094017094,2.144230769230769,0.95,0.2373806275579809,46.904761904761905
Tarik Skubal,2025,Pitcher,,,,,,,2.4631727319323424,2.315382368016402,1.9596360840594564,0.89,0.27807486631016043,52.61904761904762
Hunter Brown,2025,Pitcher,,,,,,,3.1554024851431657,2.9660783360345757,2.3207725553754726,1.03,0.20438957475994513,57.85714285714286
Yoshinobu Yamamoto,2025,Pitcher,,,,,,,2.9536951501154736,2.776473441108545,2.3103348729792144,0.99,0.20760233918128654,59.285714285714285
Cristopher Sánchez,2025,Pitcher,,,,,,,2.5658415841584157,2.4118910891089107,2.2648514851485144,1.06,0.20817843866171004,59.523809523809526
Garrett Crochet,2025,Pitcher,,,,,,,2.901340809361287,2.7272603607996095,2.0323013164310093,1.03,0.25675675675675674,61.66666666666666
Freddy Peralta,2025,Pitcher,,,,,,,3.660783200908059,3.441136208853575,2.364642451759364,1.08,0.1908713692946058,64.28571428571429
Max Fried,2025,Pitcher,,,,,,,3.0833675038441823,2.8983654536135313,2.43118913377755,1.1,0.17228464419475656,68.09523809523809
Andrew Abbott,2025,Pitcher,,,,,,,3.6737808549066826,3.4533540036122816,2.5170078266104756,1.15,0.15497076023391812,68.33333333333333
Nick Pivetta,2025,Pitcher,,,,,,,3.508719646799117,3.2981964679911697,2.3532008830022075,0.99,0.1941747572815534,68.33333333333333
Bryan Woo,2025,Pitcher,,,,,,,3.4829752953813102,3.2739967776584313,2.210794844253491,0.93,0.2216142270861833,70.0
Jacob deGrom,2025,Pitcher,,,,,,,3.661033681765389,3.441371660859465,2.2293844367015097,0.92,0.22122571001494767,70.71428571428572
Gavin Williams,2025,Pitcher,,,,,,,4.411961722488038,4.147244019138755,2.7012559808612435,1.27,0.1278409090909091,72.85714285714285
Carlos Rodón,2025,Pitcher,,,,,,,3.795822655048693,3.568073295745771,2.510635571501794,1.05,0.16476552598225602,73.57142857142857
Matthew Boyd,2025,Pitcher,,,,,,,3.663392857142857,3.4435892857142854,2.52734375,1.09,0.15598885793871867,76.42857142857142
Logan Webb,2025,Pitcher,,,,,,,2.618599033816425,2.4614830917874393,2.230676328502416,1.24,0.20794392523364486,76.66666666666667
Brayan Bello,2025,Pitcher,,,,,,,4.208965102286402,3.9564271961492175,2.849879663056558,1.24,0.09285714285714286,79.76190476190476
Joe Ryan,2025,Pitcher,,,,,,,3.7523391812865494,3.5271988304093562,2.173976608187134,1.04,0.22496371552975328,81.42857142857143
Merrill Kelly,2025,Pitcher,,,,,,,3.775,3.5484999999999998,2.506793478260869,1.11,0.1590909090909091,83.80952380952381
Clay Holmes,2025,Pitcher,,,,,,,4.124576271186441,3.877101694915254,2.87318401937046,1.3,0.08898305084745763,84.04761904761904
Luis Castillo,2025,Pitcher,,,,,,,3.8936182019977803,3.6600011098779133,2.5091564927857934,1.18,0.15570469798657718,84.28571428571429
Kevin Gausman,2025,Pitcher,,,,,,,3.4297927461139897,3.22400518134715,2.414507772020725,1.06,0.17935483870967742,85.47619047619047
Robbie Ray,2025,Pitcher,,,,,,,3.9462657880285557,3.709489840746842,2.5745469522240527,1.21,0.14966887417218544,86.9047619047619
Framber Valdez,2025,Pitcher,,,,,,,3.3895833333333334,3.186208333333333,2.563802083333333,1.24,0.1483790523690773,87.14285714285714
Zack Littell,2025,Pitcher,,,,,,,4.895435016111708,4.6017089151450055,2.6350698174006446,1.1,0.12911725955204217,90.71428571428571
Michael Wacha,2025,Pitcher,,,,,,,3.6726480836236934,3.452289198606272,2.727351916376306,1.22,0.11312849162011174,91.9047619047619
Ryan Pepiot,2025,Pitcher,,,,,,,4.376076555023923,4.113511961722487,2.5487440191387556,1.16,0.1561119293078056,91.9047619047619
Jesús Luzardo,2025,Pitcher,,,,,,,2.9098253275109167,2.7352358078602617,2.2429039301310043,1.22,0.20976253298153033,93.33333333333333
Chris Bassitt,2025,Pitcher,,,,,,,4.025955320399765,3.784398001175779,2.488683127572017,1.33,0.15489130434782608,94.28571428571428
Yusei Kikuchi,2025,Pitcher,,,,,,,4.244890510948905,3.9901970802919706,2.6520213363279055,1.42,0.12953367875647667,95.0
Brady Singer,2025,Pitcher,,,,,,,3.9951536643026007,3.7554444444444446,2.5777186761229314,1.24,0.14385474860335196,95.95238095238095
Jeffrey Springs,2025,Pitcher,,,,,,,4.6646198830409356,4.384742690058479,2.7149122807017543,1.21,0.11781206171107994,97.85714285714286
José Berríos,2025,Pitcher,,,,,,,4.662048192771084,4.382325301204819,2.716867469879518,1.3,0.1174785100286533,99.28571428571428
Mitch Keller,2025,Pitcher,,,,,,,4.0358603066439525,3.793708688245315,2.619676320272572,1.26,0.1321762349799733,99.76190476190476
Dean Kremer,2025,Pitcher,,,,,,,3.9852803738317757,3.7461635514018687,2.607476635514019,1.21,0.1370056497175141,99.76190476190476
David Peterson,2025,Pitcher,,,,,,,3.50077288941736,3.2907265160523185,2.714922711058264,1.37,0.11756569847856155,100.47619047619048
Tanner Bibee,2025,Pitcher,,,,,,,4.352635914332784,4.0914777594728164,2.5827841845140034,1.23,0.14173228346456693,100.95238095238095
José Soriano,2025,Pitcher,,,,,,,3.7476331360946746,3.522775147928994,2.8180473372781067,1.4,0.10220994475138122,101.42857142857142
Sonny Gray,2025,Pitcher,,,,,,,3.40527192008879,3.2009556048834624,2.1720310765815762,1.23,0.21646746347941567,101.9047619047619
Will Warren,2025,Pitcher,,,,,,,4.081523750771129,3.8366323257248607,2.532850092535472,1.37,0.1490857946554149,105.71428571428572
Nick Martinez,2025,Pitcher,,,,,,,4.348547215496368,4.087634382566586,2.7536319612590803,1.21,0.10834553440702782,105.95238095238095
Luis Severino,2025,Pitcher,,,,,,,4.124106041923551,3.876659679408138,2.7567817509247843,1.3,0.1049645390070922,108.09523809523809
Dylan Cease,2025,Pitcher,,,,,,,3.5726190476190474,3.3582619047619042,2.2842261904761902,1.33,0.1994459833795014,108.33333333333333
Kyle Hendricks,2025,Pitcher,,,,,,,4.617722289890377,4.3406589524969545,2.774969549330085,1.28,0.10215827338129496,113.33333333333333
Zac Gallen,2025,Pitcher,,,,,,,4.519791666666666,4.2486041666666665,2.626302083333333,1.26,0.13407134071340712,114.99999999999999
Shane Baz,2025,Pitcher,,,,,,,4.38419626730885,4.121144491270319,2.503461770018061,1.33,0.15752461322081576,115.95238095238093
Kyle Freeland,2025,Pitcher,,,,,,,4.198088779284833,3.946203452527743,2.6458076448828605,1.42,0.12129760225669958,118.57142857142857
Brandon Pfaadt,2025,Pitcher,,,,,,,4.233995459704881,3.9799557321225874,2.5221339387060158,1.33,0.14341590612777053,125.0
Andre Pallante,2025,Pitcher,,,,,,,4.703637484586929,4.4214192355117135,2.967940813810111,1.44,0.06853146853146853,126.42857142857142
Sandy Alcantara,2025,Pitcher,,,,,,,4.298105625717566,4.040219288174512,2.7218714121699197,1.27,0.11409395973154363,127.61904761904763
Otto Lopez,2026,Hitter,0.368,0.17099999999999999,0.3833168316831683,40.0,8.0,3.8331683168316832,,,,,,
Luis Arraez,2026,Hitter,0.369,0.13,0.36742268041237114,40.0,8.0,3.6742268041237116,,,,,,
Yandy Díaz,2026,Hitter,0.398,0.16799999999999998,0.393145780051151,40.0,8.0,3.9314578005115095,,,,,,
Yordan Alvarez,2026,Hitter,0.426,0.315,0.4552278177458034,40.0,8.0,4.552278177458034,,,,,,
Nick Gonzales,2026,Hitter,0.37,0.08300000000000002,0.3416397849462366,40.0,8.0,3.416397849462366,,,,,,
Xavier Edwards,2026,Hitter,0.385,0.122,0.36305210918114145,40.0,8.0,3.6305210918114144,,,,,,
Jung Hoo Lee,2026,Hitter,0.333,0.127,0.33632183908045976,40.0,8.0,3.3632183908045974,,,,,,
Jake McCarthy,2026,Hitter,0.347,0.21500000000000002,0.37553333333333333,40.0,8.0,3.755333333333333,,,,,,
Brandon Marsh,2026,Hitter,0.339,0.189,0.36288888888888887,40.0,8.0,3.6288888888888886,,,,,,
Troy Johnston,2026,Hitter,0.374,0.11599999999999999,0.35435483870967743,40.0,8.0,3.5435483870967746,,,,,,
Josh Jung,2026,Hitter,0.367,0.15400000000000003,0.36299465240641715,40.0,8.0,3.6299465240641715,,,,,,
Jonathan Aranda,2026,Hitter,0.394,0.174,0.3865664160401003,40.0,8.0,3.865664160401003,,,,,,
Michael Harris II,2026,Hitter,0.329,0.192,0.3570940170940171,40.0,8.0,3.570940170940171,,,,,,
Ernie Clement,2026,Hitter,0.318,0.137,0.33008086253369273,40.0,8.0,3.300808625336927,,,,,,
TJ Rumfield,2026,Hitter,0.38,0.179,0.37782722513089007,40.0,8.0,3.7782722513089007,,,,,,
Jordan Walker,2026,Hitter,0.354,0.23800000000000004,0.3865561224489796,40.0,8.0,3.8655612244897957,,,,,,
Shohei Ohtani,2026,Hitter,0.403,0.25600000000000006,0.41595,40.0,8.0,4.1594999999999995,,,,,,
Pete Crow-Armstrong,2026,Hitter,0.386,0.24000000000000005,0.4005301204819277,40.0,8.0,4.005301204819277,,,,,,
Freddie Freeman,2026,Hitter,0.375,0.197,0.3799506172839507,40.0,8.0,3.7995061728395068,,,,,,
Juan Soto,2026,Hitter,0.405,0.2720000000000001,0.42012084592145016,40.0,8.0,4.201208459214501,,,,,,
Liam Hicks,2026,Hitter,0.364,0.16800000000000004,0.36653731343283585,40.0,8.0,3.6653731343283584,,,,,,
Riley Greene,2026,Hitter,0.38,0.17400000000000004,0.3738539042821159,40.0,8.0,3.738539042821159,,,,,,
Ryan O'Hearn,2026,Hitter,0.351,0.199,0.3684272997032641,40.0,8.0,3.684272997032641,,,,,,
Sam Antonacci,2026,Hitter,0.381,0.131,0.35936877076411955,40.0,8.0,3.5936877076411955,,,,,,
Randy Arozarena,2026,Hitter,0.38,0.17200000000000004,0.37340425531914895,40.0,8.0,3.7340425531914896,,,,,,
Bobby Witt Jr.,2026,Hitter,0.355,0.17500000000000004,0.3603,40.0,8.0,3.603,,,,,,
Willson Contreras,2026,Hitter,0.379,0.25700000000000006,0.4021606648199446,40.0,8.0,4.021606648199446,,,,,,
Luis García Jr.,2026,Hitter,0.317,0.2700000000000001,0.37534591194968553,40.0,8.0,3.7534591194968554,,,,,,
Kevin McGonigle,2026,Hitter,0.392,0.137,0.3641162227602907,40.0,8.0,3.641162227602907,,,,,,
Bryan Reynolds,2026,Hitter,0.4,0.194,0.38907142857142857,40.0,8.0,3.8907142857142856,,,,,,
William Contreras,2026,Hitter,0.344,0.11600000000000005,0.33350923482849604,40.0,8.0,3.3350923482849604,,,,,,
Ceddanne Rafaela,2026,Hitter,0.328,0.15199999999999997,0.3344535519125683,40.0,8.0,3.3445355191256834,,,,,,
Casey Schmitt,2026,Hitter,0.308,0.21699999999999997,0.35150273224043715,40.0,8.0,3.5150273224043715,,,,,,
James Wood,2026,Hitter,0.41,0.29599999999999993,0.42568584070796467,40.0,8.0,4.256858407079647,,,,,,
Ben Rice,2026,Hitter,0.372,0.31999999999999995,0.417319587628866,40.0,8.0,4.17319587628866,,,,,,
Junior Caminero,2026,Hitter,0.372,0.276,0.40244498777506116,40.0,8.0,4.0244498777506115,,,,,,
Chandler Simpson,2026,Hitter,0.314,0.06,0.29229885057471267,40.0,8.0,2.9229885057471265,,,,,,
Chase DeLauter,2026,Hitter,0.345,0.16999999999999998,0.3506646525679758,40.0,8.0,3.506646525679758,,,,,,
Fernando Tatis Jr.,2026,Hitter,0.34,0.09699999999999998,0.3219756097560975,40.0,8.0,3.219756097560975,,,,,,
Brayan Rocchio,2026,Hitter,0.343,0.13199999999999995,0.3355524079320113,40.0,8.0,3.355524079320113,,,,,,
CJ Abrams,2026,Hitter,0.352,0.235,0.3787403598971722,40.0,8.0,3.787403598971722,,,,,,
Nolan Schanuel,2026,Hitter,0.344,0.122,0.3319811320754717,40.0,8.0,3.319811320754717,,,,,,
Garrett Mitchell,2026,Hitter,0.362,0.185,0.36237012987012984,40.0,8.0,3.6237012987012984,,,,,,
Elly De La Cruz,2026,Hitter,0.347,0.21799999999999997,0.36721893491124263,40.0,8.0,3.6721893491124264,,,,,,
Alec Burleson,2026,Hitter,0.337,0.195,0.35392405063291144,40.0,8.0,3.539240506329114,,,,,,
Byron Buxton,2026,Hitter,0.328,0.30399999999999994,0.38942942942942943,40.0,8.0,3.894294294294294,,,,,,
Ezequiel Duran,2026,Hitter,0.324,0.16599999999999998,0.3356386292834891,40.0,8.0,3.356386292834891,,,,,,
Andy Pages,2026,Hitter,0.336,0.20099999999999996,0.3557881773399014,40.0,8.0,3.5578817733990142,,,,,,
Chase Meidroth,2026,Hitter,0.341,0.10999999999999999,0.32381818181818184,40.0,8.0,3.2381818181818183,,,,,,
Seiya Suzuki,2026,Hitter,0.347,0.196,0.35844117647058826,40.0,8.0,3.584411764705883,,,,,,
Jacob Misiorowski,2026,Pitcher,,,,,,,2.140990990990991,2.0125315315315313,1.7342342342342343,0.76,0.33175355450236965,38.57142857142858
Cam Schlittler,2026,Pitcher,,,,,,,2.862351945854484,2.690610829103215,2.1184433164128595,0.94,0.23880597014925373,48.8095238095238
Chris Sale,2026,Pitcher,,,,,,,2.8642857142857143,2.692428571428571,2.1403061224489797,1.11,0.228287841191067,52.38095238095239
Eduardo Rodriguez,2026,Pitcher,,,,,,,4.158771929824561,3.909245614035087,2.8969298245614032,1.17,0.08658008658008658,54.52380952380952
Sonny Gray,2026,Pitcher,,,,,,,3.5806722689075627,3.365831932773109,2.5120798319327733,1.1,0.15968586387434555,60.476190476190474
Chase Burns,2026,Pitcher,,,,,,,3.453326810176125,3.246127201565557,2.349804305283757,1.11,0.19612590799031476,60.476190476190474
Dylan Cease,2026,Pitcher,,,,,,,2.232568807339449,2.0986146788990823,2.0369520897043834,1.13,0.2593516209476309,60.95238095238095
Max Meyer,2026,Pitcher,,,,,,,3.575925925925926,3.3613703703703703,2.435185185185185,1.11,0.17488789237668162,61.42857142857143
Cristopher Sánchez,2026,Pitcher,,,,,,,2.7487411487018094,2.5838166797797006,2.128835562549174,1.19,0.22666666666666666,62.38095238095238
Nick Martinez,2026,Pitcher,,,,,,,3.9587535680304473,3.72122835394862,2.7837773549000953,1.12,0.10046728971962617,63.095238095238095
Justin Wrobleski,2026,Pitcher,,,,,,,3.4197302697302696,3.214546453546453,2.6381118881118883,1.02,0.13283208020050125,64.04761904761904
Parker Messick,2026,Pitcher,,,,,,,3.3375,3.13725,2.5044642857142856,1.07,0.1662921348314607,65.0
Foster Griffin,2026,Pitcher,,,,,,,4.076430517711172,3.8318446866485014,2.366712079927339,1.02,0.18651685393258427,65.95238095238095
Yoshinobu Yamamoto,2026,Pitcher,,,,,,,3.4040834845735026,3.1998384754990923,2.387931034482759,0.91,0.19058823529411764,67.85714285714286
Joe Ryan,2026,Pitcher,,,,,,,2.823024523160763,2.653643051771117,2.1373751135331513,1.05,0.2288888888888889,67.85714285714286
Michael McGreevy,2026,Pitcher,,,,,,,4.197430830039526,3.945584980237154,2.775691699604743,1.1,0.10723192019950124,71.66666666666666
Emerson Hancock,2026,Pitcher,,,,,,,3.7049949545913217,3.482695257315842,2.442734611503532,1.01,0.17692307692307693,75.47619047619048
Drew Rasmussen,2026,Pitcher,,,,,,,3.412361251261352,3.2076195761856705,2.2711907164480323,0.95,0.2066326530612245,77.6190476190476
Logan Gilbert,2026,Pitcher,,,,,,,3.4219298245614036,3.2166140350877193,2.260964912280702,0.99,0.21158129175946547,79.04761904761905
Keider Montero,2026,Pitcher,,,,,,,3.757621009268795,3.532163748712667,2.753089598352214,1.01,0.1111111111111111,79.28571428571428
Robbie Ray,2026,Pitcher,,,,,,,4.760169491525423,4.4745593220338975,2.9251412429378534,1.27,0.08577878103837472,80.47619047619047
Michael King,2026,Pitcher,,,,,,,4.06581868640148,3.8218695652173906,2.7828399629972247,1.15,0.11060948081264109,81.19047619047619
Sean Burke,2026,Pitcher,,,,,,,3.7108365019011407,3.488186311787072,2.3540874524714828,1.17,0.18850574712643678,81.19047619047619
Davis Martin,2026,Pitcher,,,,,,,3.14000999000999,2.9516093906093905,2.565684315684315,1.29,0.14628297362110312,81.19047619047619
José Soriano,2026,Pitcher,,,,,,,4.023873873873874,3.782441441441441,2.671171171171171,1.29,0.13304721030042918,83.0952380952381
Jacob deGrom,2026,Pitcher,,,,,,,3.4494011976047902,3.2424371257485025,2.0573852295409183,1.01,0.24937655860349128,83.0952380952381
Braxton Ashcraft,2026,Pitcher,,,,,,,3.3710433244916,3.168780725022104,2.19341290893015,1.11,0.21908893709327548,83.0952380952381
Jesús Luzardo,2026,Pitcher,,,,,,,2.8866030881017255,2.713406902815622,2.182788374205268,1.22,0.21814254859611232,83.57142857142857
Nolan McLean,2026,Pitcher,,,,,,,3.4861344537815127,3.276966386554622,2.337301587301587,1.12,0.19196428571428573,83.80952380952381
Joey Cantillo,2026,Pitcher,,,,,,,4.1301980198019805,3.8823861386138616,2.6782178217821784,1.4,0.13023255813953488,84.76190476190476
Paul Skenes,2026,Pitcher,,,,,,,2.927983348751156,2.7523043478260867,2.079787234042553,1.02,0.2409090909090909,85.0
Taj Bradley,2026,Pitcher,,,,,,,3.981702544031311,3.742800391389432,2.3938356164383565,1.22,0.18097447795823665,85.47619047619047
Kyle Bradish,2026,Pitcher,,,,,,,4.055695611577964,3.812353874883286,2.7131185807656397,1.35,0.12334801762114538,85.95238095238095
J.T. Ginn,2026,Pitcher,,,,,,,4.499514563106796,4.229543689320388,2.79126213592233,1.25,0.10829493087557604,87.38095238095237
George Kirby,2026,Pitcher,,,,,,,3.377272727272727,3.1746363636363633,2.463636363636364,1.32,0.16228070175438597,89.52380952380952
Michael Wacha,2026,Pitcher,,,,,,,4.04840470193115,3.805500419815281,2.670654911838791,1.19,0.1273100616016427,89.76190476190476
Gavin Williams,2026,Pitcher,,,,,,,3.795446507515473,3.5677197170645445,2.2597259062776303,1.15,0.2108695652173913,90.71428571428571
Cade Cavalli,2026,Pitcher,,,,,,,3.3129327902240324,3.1141568228105903,2.3385947046843176,1.35,0.18013856812933027,91.19047619047619
Logan Webb,2026,Pitcher,,,,,,,3.4896603396603396,3.280280719280719,2.6406093906093906,1.16,0.13106796116504854,91.9047619047619
Tanner Bibee,2026,Pitcher,,,,,,,4.866814159292035,4.574805309734513,2.7389380530973453,1.15,0.11597374179431072,92.85714285714285
Andre Pallante,2026,Pitcher,,,,,,,4.06,3.8163999999999993,2.785,1.26,0.1016548463356974,94.28571428571428
Sandy Alcantara,2026,Pitcher,,,,,,,3.833563748079877,3.603549923195084,2.670122887864823,1.22,0.12338858195211787,95.0
Will Warren,2026,Pitcher,,,,,,,4.148980632008155,3.9000417940876657,2.531345565749235,1.36,0.14685314685314685,95.95238095238095
Nathan Eovaldi,2026,Pitcher,,,,,,,4.077092709270927,3.832467146714671,2.250900090009001,1.18,0.20302375809935205,96.19047619047618
Framber Valdez,2026,Pitcher,,,,,,,4.148134328358209,3.899246268656716,2.7392723880597014,1.32,0.10874200426439233,97.6190476190476
Andrew Abbott,2026,Pitcher,,,,,,,4.902380952380952,4.608238095238095,2.935714285714286,1.42,0.0787746170678337,97.85714285714286
Bryce Elder,2026,Pitcher,,,,,,,4.373091976516633,4.110706457925635,2.6678082191780823,1.25,0.12413793103448276,98.09523809523809
Ryan Weathers,2026,Pitcher,,,,,,,3.9216049382716047,3.6863086419753084,2.252057613168724,1.24,0.20293398533007334,98.80952380952381
Shota Imanaga,2026,Pitcher,,,,,,,4.687037037037037,4.405814814814814,2.4097222222222223,1.12,0.1780821917808219,99.28571428571428
Shane Baz,2026,Pitcher,,,,,,,3.635611510791367,3.4174748201438847,2.703687050359712,1.39,0.11825726141078838,99.76190476190476
